                  epoch,         train/box_loss,         train/cls_loss,         train/dfl_loss,   metrics/precision(B),      metrics/recall(B),       metrics/mAP50(B),    metrics/mAP50-95(B),           val/box_loss,           val/cls_loss,           val/dfl_loss,                 lr/pg0,                 lr/pg1,                 lr/pg2
                      1,                 1.3784,                 3.4775,                 1.2742,                0.22505,                0.19412,                0.11975,                0.07381,                 1.2865,                 7.5319,                 1.3289,                0.00034,                0.00034,                0.00034
                      2,                 1.6907,                  3.457,                 1.4535,                0.08906,                0.87059,                0.10038,                0.04587,                  1.662,                    inf,                 1.5832,             0.00069538,             0.00069538,             0.00069538
                      3,                 1.6675,                 3.7577,                 1.5134,                0.60445,                0.70588,                0.67969,                0.29628,                 1.5777,                 4.5995,                 1.5034,               0.001046,               0.001046,               0.001046
                      4,                  1.777,                  3.773,                 1.5253,                0.60445,                0.70588,                0.67969,                0.29628,                 1.5777,                 4.5995,                 1.5034,              0.0013919,              0.0013919,              0.0013919
                      5,                 1.9232,                 3.7522,                 1.6873,                0.60445,                0.70588,                0.67969,                0.29628,                    nan,                    nan,                    nan,               0.001733,               0.001733,               0.001733
                      6,                 2.0836,                 3.6991,                 1.8238,                0.60445,                0.70588,                0.67969,                0.29628,                    nan,                    nan,                    nan,               0.001934,               0.001934,               0.001934
                      7,                 2.3947,                  7.284,                 2.0705,                0.60445,                0.70588,                0.67969,                0.29628,                    nan,                    nan,                    nan,               0.001934,               0.001934,               0.001934
                      8,                 2.4477,                 7.4363,                  2.081,                0.02124,                0.37059,                0.01558,                0.00485,                 2.9344,                 110.69,                 4.0055,              0.0019208,              0.0019208,              0.0019208
                      9,                 2.5416,                 8.0016,                 2.1774,                0.02124,                0.37059,                0.01558,                0.00485,                 2.9344,                 110.69,                 4.0055,              0.0019076,              0.0019076,              0.0019076
                     10,                  2.406,                 6.1797,                 2.0645,                0.01733,                0.30588,                0.01307,                0.00292,                    nan,                    nan,                    nan,              0.0018944,              0.0018944,              0.0018944
                     11,                 2.0692,                 3.5808,                 1.7889,                0.01733,                0.30588,                0.01307,                0.00292,                    nan,                    nan,                    nan,              0.0018812,              0.0018812,              0.0018812
                     12,                 2.1021,                 3.0901,                 1.8286,                0.00133,                0.02353,                 0.0007,                0.00012,                    nan,                    nan,                    nan,               0.001868,               0.001868,               0.001868
                     13,                  2.351,                 2.6127,                 2.0061,                0.00133,                0.02353,                 0.0007,                0.00012,                    nan,                    nan,                    nan,              0.0018548,              0.0018548,              0.0018548
                     14,                  2.417,                 2.4071,                 2.4272,                0.01367,                0.24118,                 0.0091,                0.00252,                    nan,                    nan,                    nan,              0.0018416,              0.0018416,              0.0018416
                     15,                 2.5246,                 2.3437,                 2.5577,                0.01367,                0.24118,                 0.0091,                0.00252,                    nan,                    nan,                    nan,              0.0018284,              0.0018284,              0.0018284
                     16,                 2.6028,                 2.5634,                 2.2263,                0.00733,                0.12941,                0.00454,                0.00124,                    nan,                    nan,                    nan,              0.0018152,              0.0018152,              0.0018152
                     17,                 2.7513,                 2.7257,                 2.4714,                  0.012,                0.21176,                0.00788,                0.00259,                    nan,                    nan,                    nan,               0.001802,               0.001802,               0.001802
                     18,                 2.3719,                 2.0869,                 2.0423,                  0.012,                0.21176,                0.00788,                0.00259,                    nan,                    nan,                    nan,              0.0017888,              0.0017888,              0.0017888
                     19,                 2.4097,                 2.1066,                 2.0782,                0.29611,                0.38235,                0.19977,                0.05624,                 2.5528,                 2.3004,                 3.2856,              0.0017756,              0.0017756,              0.0017756
                     20,                 2.3645,                 2.1022,                 2.1486,                0.29611,                0.38235,                0.19977,                0.05624,                 2.5528,                 2.3004,                 3.2856,              0.0017624,              0.0017624,              0.0017624
                     21,                 2.2194,                 1.9703,                 1.9841,                0.35654,                0.61176,                0.35624,                0.16128,                 1.8744,                 2.0719,                 2.1214,              0.0017492,              0.0017492,              0.0017492
                     22,                 2.1289,                 1.9793,                 1.9564,                0.35654,                0.61176,                0.35624,                0.16128,                 1.8744,                 2.0719,                 2.1214,               0.001736,               0.001736,               0.001736
                     23,                 2.0122,                 1.8937,                 1.9228,                0.41335,                0.65294,                0.43553,                0.18036,                 1.8908,                 3.4055,                 2.2253,              0.0017228,              0.0017228,              0.0017228
                     24,                  1.935,                 1.7795,                 1.7668,                0.02724,                0.44118,                0.02002,                0.01119,                 1.7208,                 14.039,                 1.9032,              0.0017096,              0.0017096,              0.0017096
                     25,                 1.8281,                 2.0412,                 1.7241,                0.02724,                0.44118,                0.02002,                0.01119,                 1.7208,                 14.039,                 1.9032,              0.0016964,              0.0016964,              0.0016964
                     26,                 1.8375,                 1.9331,                 1.7607,                0.49002,                0.59912,                0.48091,                0.23132,                 1.6321,                 1.6862,                 1.8394,              0.0016832,              0.0016832,              0.0016832
                     27,                 1.7705,                 1.6986,                  1.784,                0.49002,                0.59912,                0.48091,                0.23132,                 1.6321,                 1.6862,                 1.8394,                0.00167,                0.00167,                0.00167
                     28,                  1.754,                 1.8531,                 1.6482,                0.58479,                0.67647,                0.55601,                0.26645,                 1.6739,                 2.1823,                 1.8423,              0.0016568,              0.0016568,              0.0016568
                     29,                 1.7644,                 2.0152,                 1.7167,                0.58479,                0.67647,                0.55601,                0.26645,                 1.6739,                 2.1823,                 1.8423,              0.0016436,              0.0016436,              0.0016436
                     30,                 1.7281,                 1.6092,                 1.6432,                0.58975,                0.71176,                0.55282,                0.29036,                  1.562,                 2.3757,                 1.7483,              0.0016304,              0.0016304,              0.0016304
                     31,                  1.753,                 1.6278,                 1.7785,                0.58975,                0.71176,                0.55282,                0.29036,                  1.562,                 2.3757,                 1.7483,              0.0016172,              0.0016172,              0.0016172
                     32,                 1.7756,                 1.4245,                 1.6825,                0.70697,                0.70588,                0.76046,                0.42319,                 1.5051,                 1.5845,                 1.6479,               0.001604,               0.001604,               0.001604
                     33,                 1.7423,                 1.4483,                  1.683,                0.66319,                0.65882,                0.73945,                0.43146,                 1.4014,                 1.3812,                 1.6061,              0.0015908,              0.0015908,              0.0015908
                     34,                 1.5461,                 1.3718,                 1.6093,                0.66319,                0.65882,                0.73945,                0.43146,                 1.4014,                 1.3812,                 1.6061,              0.0015776,              0.0015776,              0.0015776
                     35,                 1.5035,                 1.2923,                 1.4815,                0.53948,                0.74118,                0.68721,                0.41228,                 1.3769,                 1.3167,                 1.5798,              0.0015644,              0.0015644,              0.0015644
                     36,                 1.4362,                  1.275,                 1.4866,                0.53948,                0.74118,                0.68721,                0.41228,                 1.3769,                 1.3167,                 1.5798,              0.0015512,              0.0015512,              0.0015512
                     37,                  1.398,                 1.2091,                 1.4751,                0.61786,                0.75294,                0.74785,                0.46213,                  1.347,                 1.2015,                 1.5678,               0.001538,               0.001538,               0.001538
                     38,                 1.4034,                 1.2031,                 1.4655,                0.61786,                0.75294,                0.74785,                0.46213,                  1.347,                 1.2015,                 1.5678,              0.0015248,              0.0015248,              0.0015248
                     39,                 1.4353,                 1.2141,                 1.5062,                 0.7848,                0.79412,                0.84867,                0.48185,                 1.4396,                  1.224,                 1.5691,              0.0015116,              0.0015116,              0.0015116
                     40,                 1.5009,                 1.2193,                 1.5537,                0.83264,                0.81765,                0.89406,                0.57441,                 1.2965,                  1.021,                 1.4903,              0.0014984,              0.0014984,              0.0014984
                     41,                 1.3796,                 1.1341,                 1.4127,                0.83264,                0.81765,                0.89406,                0.57441,                 1.2965,                  1.021,                 1.4903,              0.0014852,              0.0014852,              0.0014852
                     42,                  1.366,                 1.1539,                 1.4521,                0.75603,                0.85294,                0.86583,                0.57769,                 1.2481,                0.99312,                 1.4252,               0.001472,               0.001472,               0.001472
                     43,                 1.3118,                  1.137,                 1.3739,                0.75603,                0.85294,                0.86583,                0.57769,                 1.2481,                0.99312,                 1.4252,              0.0014588,              0.0014588,              0.0014588
                     44,                 1.3054,                 1.1168,                 1.4165,                0.80616,                 0.8073,                0.88171,                  0.577,                 1.2288,                0.98408,                  1.396,              0.0014456,              0.0014456,              0.0014456
                     45,                 1.2952,                 1.0572,                 1.3631,                0.80616,                 0.8073,                0.88171,                  0.577,                 1.2288,                0.98408,                  1.396,              0.0014324,              0.0014324,              0.0014324
                     46,                 1.2648,                 1.0656,                 1.3976,                0.86914,                0.90588,                0.93842,                0.60446,                  1.243,                 1.0284,                 1.4546,              0.0014192,              0.0014192,              0.0014192
                     47,                  1.266,                 1.0839,                 1.3903,                0.86914,                0.90588,                0.93842,                0.60446,                  1.243,                 1.0284,                 1.4546,               0.001406,               0.001406,               0.001406
                     48,                 1.4454,                 1.1708,                 1.5677,                0.88104,                0.87647,                0.94011,                0.57489,                 1.3303,                 1.0254,                 1.5182,              0.0013928,              0.0013928,              0.0013928
                     49,                 1.4688,                 1.1686,                   1.54,                 0.9119,                0.87059,                0.95217,                0.62032,                 1.2415,                0.96881,                 1.4399,              0.0013796,              0.0013796,              0.0013796
                     50,                 1.2677,                 1.0545,                 1.3362,                 0.9119,                0.87059,                0.95217,                0.62032,                 1.2415,                0.96881,                 1.4399,              0.0013664,              0.0013664,              0.0013664
                     51,                 1.3627,                 1.0864,                  1.448,                0.90932,                0.82584,                 0.9347,                0.58061,                 1.3018,                0.94721,                 1.4275,              0.0013532,              0.0013532,              0.0013532
                     52,                  1.431,                 1.0351,                 1.4054,                0.90932,                0.82584,                 0.9347,                0.58061,                 1.3018,                0.94721,                 1.4275,                0.00134,                0.00134,                0.00134
                     53,                 1.3251,                 1.0751,                 1.4307,                0.91638,                0.83805,                0.93507,                0.59098,                 1.2516,                 0.9173,                 1.4043,              0.0013268,              0.0013268,              0.0013268
                     54,                  1.284,                 1.0952,                 1.4081,                0.91638,                0.83805,                0.93507,                0.59098,                 1.2516,                 0.9173,                 1.4043,              0.0013136,              0.0013136,              0.0013136
                     55,                 1.2414,                 1.0572,                 1.3853,                0.86672,                0.84158,                0.92944,                0.59041,                 1.2529,                0.93286,                 1.4079,              0.0013004,              0.0013004,              0.0013004
                     56,                 1.2561,                 1.0294,                 1.4164,                0.86683,                0.84237,                0.93444,                0.61303,                 1.1916,                0.90564,                 1.3716,              0.0012872,              0.0012872,              0.0012872
                     57,                 1.2498,                 1.0506,                 1.4607,                0.86683,                0.84237,                0.93444,                0.61303,                 1.1916,                0.90564,                 1.3716,               0.001274,               0.001274,               0.001274
                     58,                  1.209,                0.97394,                  1.367,                0.88188,                0.89412,                0.95339,                 0.6383,                 1.1624,                0.89474,                 1.3871,              0.0012608,              0.0012608,              0.0012608
                     59,                 1.1825,                0.95883,                 1.3582,                0.88188,                0.89412,                0.95339,                 0.6383,                 1.1624,                0.89474,                 1.3871,              0.0012476,              0.0012476,              0.0012476
                     60,                 1.1859,                0.95116,                 1.3501,                0.89424,                0.89532,                0.94963,                0.65625,                  1.137,                0.87921,                 1.3589,              0.0012344,              0.0012344,              0.0012344
                     61,                 1.0686,                0.91406,                 1.2656,                0.89424,                0.89532,                0.94963,                0.65625,                  1.137,                0.87921,                 1.3589,              0.0012212,              0.0012212,              0.0012212
                     62,                 1.1678,                0.88155,                 1.2643,                0.87089,                0.87297,                0.92675,                0.62429,                 1.1913,                0.87099,                 1.3764,               0.001208,               0.001208,               0.001208
                     63,                   1.23,                0.95896,                 1.3546,                0.87089,                0.87297,                0.92675,                0.62429,                 1.1913,                0.87099,                 1.3764,              0.0011948,              0.0011948,              0.0011948
                     64,                 1.3392,                 1.0213,                 1.4075,                0.88777,                0.87059,                0.93624,                0.60934,                 1.2535,                 0.8776,                 1.3884,              0.0011816,              0.0011816,              0.0011816
                     65,                 1.3293,                0.94054,                 1.3307,                 0.8547,                0.88824,                0.95385,                0.64962,                 1.1786,                0.85584,                 1.3386,              0.0011684,              0.0011684,              0.0011684
                     66,                  1.182,                0.92726,                 1.3285,                 0.8547,                0.88824,                0.95385,                0.64962,                 1.1786,                0.85584,                 1.3386,              0.0011552,              0.0011552,              0.0011552
                     67,                 1.2121,                 0.9191,                  1.343,                0.91077,                0.90057,                0.96352,                0.66985,                 1.1079,                0.83452,                  1.322,               0.001142,               0.001142,               0.001142
                     68,                 1.1534,                0.90522,                 1.2938,                0.91077,                0.90057,                0.96352,                0.66985,                 1.1079,                0.83452,                  1.322,              0.0011288,              0.0011288,              0.0011288
                     69,                 1.1399,                0.87894,                 1.2826,                0.88952,                0.91765,                0.95978,                0.64966,                 1.1744,                0.84702,                 1.3944,              0.0011156,              0.0011156,              0.0011156
                     70,                 1.2089,                0.91817,                 1.3484,                0.88952,                0.91765,                0.95978,                0.64966,                 1.1744,                0.84702,                 1.3944,              0.0011024,              0.0011024,              0.0011024
                     71,                 1.2013,                0.91349,                 1.3362,                0.88795,                0.83909,                0.94116,                0.63419,                 1.1816,                0.83446,                  1.385,              0.0010892,              0.0010892,              0.0010892
                     72,                 1.1955,                0.88839,                 1.2857,                 0.8455,                0.83699,                0.92619,                0.61775,                 1.1773,                0.87295,                 1.3549,               0.001076,               0.001076,               0.001076
                     73,                 1.2057,                0.90997,                 1.2819,                 0.8455,                0.83699,                0.92619,                0.61775,                 1.1773,                0.87295,                 1.3549,              0.0010628,              0.0010628,              0.0010628
                     74,                 1.1374,                0.87104,                 1.2497,                0.89446,                0.85882,                0.94309,                0.63024,                 1.1917,                0.87513,                 1.3516,              0.0010496,              0.0010496,              0.0010496
                     75,                 1.1529,                0.93452,                 1.3667,                0.89446,                0.85882,                0.94309,                0.63024,                 1.1917,                0.87513,                 1.3516,              0.0010364,              0.0010364,              0.0010364
                     76,                 1.0912,                0.87192,                 1.2913,                0.93336,                0.88824,                0.96244,                0.66236,                  1.127,                0.78654,                 1.3206,              0.0010232,              0.0010232,              0.0010232
                     77,                 1.0793,                 0.8302,                 1.2313,                0.93336,                0.88824,                0.96244,                0.66236,                  1.127,                0.78654,                 1.3206,                0.00101,                0.00101,                0.00101
                     78,                 1.0857,                0.84448,                 1.2598,                0.92895,                0.92293,                0.97118,                 0.6858,                 1.0759,                0.75773,                 1.3076,              0.0009968,              0.0009968,              0.0009968
                     79,                  1.042,                0.82182,                  1.226,                0.92895,                0.92293,                0.97118,                 0.6858,                 1.0759,                0.75773,                 1.3076,              0.0009836,              0.0009836,              0.0009836
                     80,                 1.1042,                0.88402,                 1.2536,                0.95214,                0.89412,                0.97046,                0.67066,                 1.1082,                0.78114,                 1.3335,              0.0009704,              0.0009704,              0.0009704
                     81,                 1.1479,                0.89796,                 1.3628,                0.93595,                0.91765,                0.96489,                0.68026,                 1.0758,                0.76961,                    1.3,              0.0009572,              0.0009572,              0.0009572
                     82,                 1.1054,                0.86069,                 1.2742,                0.93595,                0.91765,                0.96489,                0.68026,                 1.0758,                0.76961,                    1.3,               0.000944,               0.000944,               0.000944
                     83,                 1.0803,                0.85151,                 1.2679,                0.95043,                    0.9,                0.96812,                0.69387,                 1.0465,                0.77843,                 1.2744,              0.0009308,              0.0009308,              0.0009308
                     84,                 1.0764,                0.83122,                  1.247,                0.95043,                    0.9,                0.96812,                0.69387,                 1.0465,                0.77843,                 1.2744,              0.0009176,              0.0009176,              0.0009176
                     85,                 1.0367,                0.84557,                 1.2945,                0.93838,                0.91765,                0.96746,                0.71065,                 1.0292,                0.78246,                 1.2643,              0.0009044,              0.0009044,              0.0009044
                     86,                 1.0184,                0.78658,                 1.1817,                0.93838,                0.91765,                0.96746,                0.71065,                 1.0292,                0.78246,                 1.2643,              0.0008912,              0.0008912,              0.0008912
                     87,                 1.0399,                 0.8039,                 1.2254,                0.93011,                0.94118,                0.97013,                0.71077,                 1.0253,                0.77465,                 1.2698,               0.000878,               0.000878,               0.000878
                     88,                 1.0463,                0.76821,                 1.1692,                0.93421,                0.91881,                0.96663,                0.68714,                 1.0748,                0.77876,                 1.3089,              0.0008648,              0.0008648,              0.0008648
                     89,                  1.062,                0.79026,                 1.1754,                0.93421,                0.91881,                0.96663,                0.68714,                 1.0748,                0.77876,                 1.3089,              0.0008516,              0.0008516,              0.0008516
                     90,                 1.0191,                0.76246,                 1.1852,                0.95113,                0.91596,                 0.9683,                 0.6924,                 1.0535,                0.76768,                 1.2989,              0.0008384,              0.0008384,              0.0008384
                     91,                 1.0187,                 0.7832,                 1.2367,                0.95113,                0.91596,                 0.9683,                 0.6924,                 1.0535,                0.76768,                 1.2989,              0.0008252,              0.0008252,              0.0008252
                     92,                 1.0037,                0.73965,                 1.1616,                0.94847,                0.90588,                0.97084,                0.70058,                 1.0261,                0.75441,                 1.2837,               0.000812,               0.000812,               0.000812
                     93,                 1.0101,                0.76994,                 1.2273,                0.94847,                0.90588,                0.97084,                0.70058,                 1.0261,                0.75441,                 1.2837,              0.0007988,              0.0007988,              0.0007988
                     94,                0.99534,                 0.7484,                 1.2206,                0.95385,                0.91176,                0.97613,                0.71041,                 1.0231,                0.74168,                 1.2837,              0.0007856,              0.0007856,              0.0007856
                     95,                0.99227,                0.76821,                 1.2246,                0.95385,                0.91176,                0.97613,                0.71041,                 1.0231,                0.74168,                 1.2837,              0.0007724,              0.0007724,              0.0007724
                     96,                 1.0133,                0.71945,                 1.1851,                 0.9688,                 0.9133,                0.98042,                0.71623,                 1.0155,                0.73014,                 1.2852,              0.0007592,              0.0007592,              0.0007592
                     97,                0.97618,                0.73806,                 1.2211,                0.97227,                0.94706,                0.98147,                0.71674,                 1.0234,                0.71373,                 1.3093,               0.000746,               0.000746,               0.000746
                     98,                0.98898,                0.74998,                 1.2448,                0.97227,                0.94706,                0.98147,                0.71674,                 1.0234,                0.71373,                 1.3093,              0.0007328,              0.0007328,              0.0007328
                     99,                0.97233,                0.72155,                 1.1858,                0.96402,                0.94556,                0.97742,                0.69586,                 1.0525,                0.71801,                 1.3348,              0.0007196,              0.0007196,              0.0007196
                    100,                 0.9777,                0.71744,                 1.1711,                0.96402,                0.94556,                0.97742,                0.69586,                 1.0525,                0.71801,                 1.3348,              0.0007064,              0.0007064,              0.0007064
                    101,                 1.0146,                0.78274,                 1.2792,                0.95797,                0.93863,                0.97993,                0.69886,                 1.0236,                0.71328,                 1.2931,              0.0006932,              0.0006932,              0.0006932
                    102,                0.94622,                0.71209,                 1.2006,                0.95797,                0.93863,                0.97993,                0.69886,                 1.0236,                0.71328,                 1.2931,                0.00068,                0.00068,                0.00068
                    103,                0.96967,                0.73297,                 1.1978,                0.93667,                0.92941,                0.97692,                 0.7015,                  1.001,                0.71881,                 1.2786,              0.0006668,              0.0006668,              0.0006668
                    104,                0.94112,                0.72341,                 1.2112,                0.96672,                    0.9,                0.97235,                0.72041,                0.96185,                 0.7088,                  1.257,              0.0006536,              0.0006536,              0.0006536
                    105,                0.90148,                0.70492,                  1.154,                0.96672,                    0.9,                0.97235,                0.72041,                0.96185,                 0.7088,                  1.257,              0.0006404,              0.0006404,              0.0006404
                    106,                0.94211,                0.70299,                 1.1682,                0.97164,                0.92353,                0.97916,                 0.7358,                0.94504,                0.69372,                 1.2446,              0.0006272,              0.0006272,              0.0006272
                    107,                0.90938,                0.71717,                 1.1878,                0.97164,                0.92353,                0.97916,                 0.7358,                0.94504,                0.69372,                 1.2446,               0.000614,               0.000614,               0.000614
                    108,                0.92161,                0.67432,                  1.118,                 0.9573,                0.91765,                0.98016,                0.73853,                0.94734,                0.68081,                 1.2383,              0.0006008,              0.0006008,              0.0006008
                    109,                0.95077,                0.70771,                  1.237,                 0.9573,                0.91765,                0.98016,                0.73853,                0.94734,                0.68081,                 1.2383,              0.0005876,              0.0005876,              0.0005876
                    110,                0.87695,                0.64959,                 1.1098,                 0.9578,                0.91176,                0.97894,                0.74202,                0.95947,                0.68445,                 1.2378,              0.0005744,              0.0005744,              0.0005744
                    111,                0.88588,                0.68951,                 1.1493,                 0.9578,                0.91176,                0.97894,                0.74202,                0.95947,                0.68445,                 1.2378,              0.0005612,              0.0005612,              0.0005612
                    112,                0.92404,                0.67008,                 1.1456,                0.93538,                0.93667,                0.97795,                 0.7314,                0.96902,                0.69234,                 1.2461,               0.000548,               0.000548,               0.000548
                    113,                0.92241,                0.67564,                 1.1779,                0.92884,                0.92138,                0.97681,                0.73385,                0.95627,                0.69116,                 1.2362,              0.0005348,              0.0005348,              0.0005348
                    114,                0.93316,                0.71909,                 1.2274,                0.92884,                0.92138,                0.97681,                0.73385,                0.95627,                0.69116,                 1.2362,              0.0005216,              0.0005216,              0.0005216
                    115,                0.90247,                0.68575,                 1.1365,                0.92834,                 0.9144,                0.97227,                0.73539,                0.94446,                0.69178,                 1.2244,              0.0005084,              0.0005084,              0.0005084
                    116,                0.93462,                0.70352,                 1.1827,                0.92834,                 0.9144,                0.97227,                0.73539,                0.94446,                0.69178,                 1.2244,              0.0004952,              0.0004952,              0.0004952
                    117,                0.88746,                0.66214,                  1.093,                0.96602,                0.89412,                0.97425,                0.74381,                0.93268,                 0.6936,                 1.2147,               0.000482,               0.000482,               0.000482
                    118,                0.86926,                0.66638,                 1.1223,                0.96602,                0.89412,                0.97425,                0.74381,                0.93268,                 0.6936,                 1.2147,              0.0004688,              0.0004688,              0.0004688
                    119,                0.87069,                0.67706,                 1.1424,                0.94784,                0.91176,                0.97336,                0.73646,                0.94653,                0.68562,                 1.2243,              0.0004556,              0.0004556,              0.0004556
                    120,                0.91439,                0.70271,                 1.1961,                0.95625,                0.91176,                0.97583,                0.73761,                0.94314,                0.67538,                 1.2301,              0.0004424,              0.0004424,              0.0004424
                    121,                0.91572,                0.67813,                 1.1611,                0.95625,                0.91176,                0.97583,                0.73761,                0.94314,                0.67538,                 1.2301,              0.0004292,              0.0004292,              0.0004292
                    122,                0.88513,                0.65825,                 1.1273,                0.94529,                0.91478,                0.97708,                0.74228,                0.93018,                0.67365,                 1.2283,               0.000416,               0.000416,               0.000416
                    123,                 0.8898,                0.65176,                 1.1186,                0.94529,                0.91478,                0.97708,                0.74228,                0.93018,                0.67365,                 1.2283,              0.0004028,              0.0004028,              0.0004028
                    124,                0.92752,                0.69461,                 1.2063,                0.94482,                0.90652,                0.97516,                0.75289,                0.92481,                0.66892,                 1.2352,              0.0003896,              0.0003896,              0.0003896
                    125,                0.88507,                0.64941,                 1.1135,                0.94482,                0.90652,                0.97516,                0.75289,                0.92481,                0.66892,                 1.2352,              0.0003764,              0.0003764,              0.0003764
                    126,                0.87261,                0.65924,                 1.1793,                0.98002,                0.88235,                0.97609,                0.75663,                0.90866,                0.66246,                 1.2253,              0.0003632,              0.0003632,              0.0003632
                    127,                0.86344,                0.64016,                 1.1907,                0.98002,                0.88235,                0.97609,                0.75663,                0.90866,                0.66246,                 1.2253,                0.00035,                0.00035,                0.00035
                    128,                0.85012,                0.63198,                 1.1105,                0.97529,                0.87647,                0.97559,                0.75421,                0.91411,                0.66203,                 1.2281,              0.0003368,              0.0003368,              0.0003368
                    129,                0.85885,                0.66473,                 1.1737,                0.92876,                0.92029,                0.97495,                0.75991,                0.91794,                0.65593,                 1.2362,              0.0003236,              0.0003236,              0.0003236
                    130,                0.80753,                0.59934,                 1.0707,                0.92876,                0.92029,                0.97495,                0.75991,                0.91794,                0.65593,                 1.2362,              0.0003104,              0.0003104,              0.0003104
                    131,                0.83907,                0.62233,                 1.1061,                0.92978,                0.93459,                0.97479,                0.75947,                0.91071,                0.64379,                 1.2353,              0.0002972,              0.0002972,              0.0002972
                    132,                0.84165,                0.62345,                 1.0952,                0.92978,                0.93459,                0.97479,                0.75947,                0.91071,                0.64379,                 1.2353,               0.000284,               0.000284,               0.000284
                    133,                0.82561,                0.61177,                 1.1005,                0.92201,                0.94706,                0.97615,                0.75599,                0.90408,                0.63833,                 1.2302,              0.0002708,              0.0002708,              0.0002708
                    134,                0.84161,                0.62427,                 1.1209,                0.92201,                0.94706,                0.97615,                0.75599,                0.90408,                0.63833,                 1.2302,              0.0002576,              0.0002576,              0.0002576
                    135,                 0.8142,                 0.6105,                 1.1097,                0.92894,                0.94706,                0.97537,                0.75544,                0.90691,                0.63872,                 1.2274,              0.0002444,              0.0002444,              0.0002444
                    136,                 0.8203,                0.60612,                 1.0784,                0.92224,                0.95294,                0.97513,                0.75571,                0.90746,                 0.6401,                 1.2245,              0.0002312,              0.0002312,              0.0002312
                    137,                0.83176,                0.63205,                 1.1299,                0.92224,                0.95294,                0.97513,                0.75571,                0.90746,                 0.6401,                 1.2245,               0.000218,               0.000218,               0.000218
                    138,                0.82165,                0.62849,                 1.1189,                0.93516,                 0.9332,                0.97569,                0.75678,                0.89749,                0.63819,                 1.2155,              0.0002048,              0.0002048,              0.0002048
                    139,                0.81932,                0.62343,                 1.1374,                0.93516,                 0.9332,                0.97569,                0.75678,                0.89749,                0.63819,                 1.2155,              0.0001916,              0.0001916,              0.0001916
                    140,                  0.826,                0.64066,                 1.1131,                0.92997,                0.93732,                0.97649,                0.76169,                0.88488,                0.63389,                  1.206,              0.0001784,              0.0001784,              0.0001784
                    141,                0.79534,                0.62394,                 1.1358,                0.92997,                0.93732,                0.97649,                0.76169,                0.88488,                0.63389,                  1.206,              0.0001652,              0.0001652,              0.0001652
                    142,                0.82423,                0.62888,                 1.1116,                0.90948,                0.95294,                0.97296,                  0.758,                0.88618,                0.66003,                 1.2031,               0.000152,               0.000152,               0.000152
                    143,                0.80459,                0.62422,                 1.1484,                0.90948,                0.95294,                0.97296,                  0.758,                0.88618,                0.66003,                 1.2031,              0.0001388,              0.0001388,              0.0001388
                    144,                0.80732,                0.61688,                 1.1234,                0.90385,                0.93999,                0.96997,                0.75371,                0.88933,                 0.6712,                 1.2046,              0.0001256,              0.0001256,              0.0001256
                    145,                0.80163,                0.61383,                  1.081,                0.90887,                0.93864,                0.96747,                0.74925,                0.89794,                0.68584,                 1.2083,              0.0001124,              0.0001124,              0.0001124
                    146,                 0.7977,                0.61004,                  1.096,                0.90887,                0.93864,                0.96747,                0.74925,                0.89794,                0.68584,                 1.2083,               9.92e-05,               9.92e-05,               9.92e-05
                    147,                0.82443,                0.63448,                 1.0924,                0.88984,                0.95294,                0.96781,                0.75448,                0.89555,                0.67886,                 1.2082,                8.6e-05,                8.6e-05,                8.6e-05
                    148,                0.78063,                0.59601,                 1.0709,                0.88984,                0.95294,                0.96781,                0.75448,                0.89555,                0.67886,                 1.2082,               7.28e-05,               7.28e-05,               7.28e-05
                    149,                0.78214,                0.60393,                 1.1153,                0.88147,                0.96236,                0.96887,                 0.7567,                0.89211,                 0.6682,                 1.2052,               5.96e-05,               5.96e-05,               5.96e-05
                    150,                0.79604,                0.61348,                   1.07,                0.88147,                0.96236,                0.96887,                 0.7567,                0.89211,                 0.6682,                 1.2052,               4.64e-05,               4.64e-05,               4.64e-05
